{"layers": [
    {"name": "Probes",          "alpha": 1, "color": [0, 0, 0.5, 0.5]},
    {"name": "Board Outline",   "alpha": 1, "color": [0, 1, 0, 0]},
    {"name": "Probe Layer",     "alpha": 1, "color": [0, 0.5, 0.5, 0]},
    {"name": "Alignment Pins",  "alpha": 1, "color": [0, 0.5, 0.5, 0.5]},
    {"name": "Support Layer",   "alpha": 1, "color": [0, 0, 0, 1]},
    {"name": "Relief Layer",    "alpha": 1, "color": [0, 0, 0, 0]},
    {"name": "Clearance Layer", "alpha": 1, "color": [0, 0, 1, 0]},
    {"name": "Cradle Outline",  "alpha": 1, "color": [0, 0, 0, 0]}
]}
